Name,gender,Department,Branch,Date of leaving,Designation
Louisa Itscowicz,Female,Training,Baltimore,2019-01-11,Research Nurse
Viola Jerzak,Female,Support,New York,2018-09-14,Pharmacist
Kassandra Gounot,Female,Business Development,Boston,2019-02-12,Payment Adjustment Coordinator
Lutero Hugk,Male,Marketing,Miami,2018-09-23,Accounting Assistant
Kristoffer Askam,Male,Accounting,Washington DC,2018-10-15,Marketing Manager
Simmonds Pond,Male,Sales,Baltimore,2018-11-02,Staff Scientist
Alonzo Wardle,Male,Training,Baltimore,2018-10-06,Accountant
Orville Tessyman,Male,Support,Boston,2018-10-15,Research Associate
Adams Dirand,Male,Accounting,New York,2019-02-14,Staff Scientist
Chucho Salamon,Male,Sales,Washington DC,2018-12-08,Help Desk Operator
Bil Foad,Male,Business Development,New York,2018-11-12,Legal Assistant
Amelita Chambers,Female,Product Management,New York,2018-06-22,Automation Specialist
Janaye Roath,Female,Marketing,New York,2018-11-24,Marketing Manager
Mitch Harlett,Male,Marketing,Washington DC,2019-01-31,Account Representative
Carolyn Courtman,Female,Legal,Orlando,2019-02-25,Teacher
Lothario Lyst,Male,Sales,Baltimore,2018-08-26,Pharmacist
Pen Baynham,Female,Engineering,New York,2018-12-19,Safety Technician
Derron Spurden,Male,Business Development,Orlando,2018-11-15,VP Marketing
Giraud Cogan,Male,Sales,Boston,2019-01-07,Internal Auditor
Giff Claussen,Male,Training,Miami,2019-02-13,Financial Analyst
Wally Verni,Female,Engineering,Boston,2019-02-28,Information Systems Manager
Edin Sargison,Female,Engineering,Baltimore,2019-02-09,Nuclear Power Engineer
Iver Sabberton,Male,Product Management,Miami,2019-02-28,General Manager
Drusi Darrell,Female,Business Development,New York,2018-08-25,Food Chemist
Crissy Darrigrand,Female,Human Resources,New York,2019-02-27,Legal Assistant
Braden Berends,Male,Product Management,Baltimore,2018-10-10,Quality Control Specialist
Alecia Boswell,Female,Training,Baltimore,2018-10-12,Desktop Support Technician
Ernest Gadaud,Male,Legal,New York,2019-01-09,Speech Pathologist
Nanice Bucke,Female,Support,Baltimore,2018-04-25,Nurse Practicioner
Dasha Matteini,Female,Legal,New York,2018-11-22,Librarian
Shawn Genicke,Female,Sales,Washington DC,2019-02-18,Desktop Support Technician
Briano Bascomb,Male,Marketing,Boston,2019-02-25,Marketing Manager
Mikaela Libby,Female,Research and Development,New York,2019-02-07,General Manager
Mada Alessandrucci,Female,Accounting,Baltimore,2018-03-11,Analyst Programmer
Stacey Meneer,Female,Training,Baltimore,2018-08-16,Internal Auditor
Georgiana Waison,Female,Accounting,Baltimore,2018-11-21,Account Executive
Maiga Persian,Female,Human Resources,New York,2019-02-03,Sales Representative
Chickie Holdren,Male,Research and Development,Boston,2018-05-25,Research Associate
Georgy Gostridge,Male,Legal,Baltimore,2018-04-24,Health Coach
Jo Gerard,Male,Product Management,Orlando,2019-02-15,Account Executive
Amandi Tallow,Female,Legal,Orlando,2018-12-29,Media Manager
Kathryn Harfoot,Female,Marketing,Miami,2018-06-11,Assistant Media Planner
Clarence Bellfield,Male,Services,Washington DC,2018-12-22,VP Quality Control
Tracie Baiss,Female,Product Management,Orlando,2019-02-21,Senior Developer
Petey MacAlester,Male,Training,Washington DC,2018-07-18,Budget/Accounting Analyst
Juanita Coventry,Female,Services,Baltimore,2018-06-06,Senior Editor
Felicia Vergine,Female,Product Management,Boston,2019-02-05,Environmental Specialist
Chic Bentall,Male,Services,Boston,2018-12-09,Physical Therapy Assistant
Abbye Carus,Female,Human Resources,Washington DC,2018-11-25,Human Resources Assistant
Giacopo Thomassin,Male,Legal,Boston,2018-09-29,Account Representative
Jayme Snaddin,Female,Product Management,Orlando,2018-08-02,Professor
Norris MacMenamin,Male,Training,Baltimore,2019-02-04,Mechanical Systems Engineer
Smitty Hindmore,Male,Support,Miami,2018-12-16,Accountant
Edd Comer,Male,Research and Development,Baltimore,2019-02-17,Programmer Analyst
Drugi Tredgold,Male,Human Resources,Washington DC,2018-08-28,Senior Developer
Ethan Pudsey,Male,Research and Development,Miami,2018-09-11,Automation Specialist
Mariana Whichelow,Female,Support,Washington DC,2018-12-15,Developer
Becca Streatfield,Female,Support,Orlando,2019-01-19,Human Resources Manager
Ansell Stancer,Male,Support,Miami,2019-02-13,General Manager
Heall Downes,Male,Engineering,Baltimore,2019-01-05,Safety Technician
Bram Corneille,Male,Business Development,Baltimore,2018-03-02,Structural Engineer
Janeva Voice,Female,Marketing,Boston,2018-10-27,Analog Circuit Design manager
Ring Solomonides,Male,Sales,Boston,2019-02-20,Payment Adjustment Coordinator
Raine Tineman,Female,Engineering,Baltimore,2018-11-22,Junior Executive
Beauregard Mackinder,Male,Accounting,Washington DC,2019-01-06,VP Marketing
Marie Jellard,Female,Research and Development,Miami,2018-12-05,VP Sales
Skippie Olivie,Male,Product Management,Boston,2019-01-03,Research Assistant
Roderich Berridge,Male,Human Resources,Orlando,2018-12-07,Senior Cost Accountant
Moira Leaman,Female,Engineering,Miami,2019-02-26,VP Quality Control
Hayes Tybalt,Male,Marketing,Boston,2019-02-20,Compensation Analyst
Granger Ploughwright,Male,Accounting,Washington DC,2018-07-30,Registered Nurse
Charlena Knowles,Female,Marketing,New York,2018-10-02,Business Systems Development Analyst
Barbie Punt,Female,Legal,Washington DC,2019-02-14,Accounting Assistant
Garrik Larvin,Male,Sales,Boston,2018-11-15,VP Sales
Lena Ellingham,Female,Training,Baltimore,2019-02-23,VP Quality Control
Giraud Prevett,Male,Services,New York,2018-12-04,Editor
Milton Nornasell,Male,Training,Miami,2018-10-30,Associate Professor
Merrill Heiss,Female,Business Development,Baltimore,2019-01-22,Web Developer
Jorge Musso,Male,Sales,New York,2018-05-14,Office Assistant
Kandy Pessold,Female,Engineering,Orlando,2018-09-15,Account Executive
Olenolin Phelp,Male,Marketing,New York,2018-07-15,Database Administrator
Ellwood Storch,Male,Engineering,New York,2018-06-14,Data Coordiator
Adamo Rising,Male,Engineering,Boston,2019-02-26,Quality Engineer
Warren Varne,Male,Marketing,Washington DC,2018-12-18,Marketing Manager
Gabbie Dummigan,Male,Research and Development,Boston,2018-12-24,Analog Circuit Design manager
Alanah McDiarmid,Female,Marketing,Orlando,2018-12-15,Programmer Analyst
Cathi Unitt,Female,Marketing,Boston,2018-11-21,Junior Executive
Kippie MacCard,Female,Services,Orlando,2018-09-08,Web Designer
Esme Scanderet,Female,Legal,New York,2019-01-23,Community Outreach Specialist
Rosella Hurdle,Female,Accounting,New York,2019-01-25,Account Coordinator
Gerard Renault,Male,Human Resources,New York,2019-02-20,VP Marketing
Beverlie Whitelock,Female,Engineering,Boston,2018-11-09,Help Desk Operator
Kenyon Edis,Male,Training,New York,2019-02-03,Automation Specialist
Husain Phillcox,Male,Business Development,Baltimore,2018-10-26,Legal Assistant
Gui Keems,Female,Human Resources,Miami,2018-07-23,Budget/Accounting Analyst
Alla Tomczykiewicz,Female,Sales,Orlando,2018-08-10,Junior Executive
Benjamin Oloshin,Male,Product Management,Washington DC,2019-01-12,Analyst Programmer
Marlowe Flieger,Male,Human Resources,Miami,2019-02-28,Information Systems Manager
Peggi Langford,Female,Human Resources,Orlando,2019-01-10,Associate Professor
Holly-anne Chopping,Female,Services,Baltimore,2018-12-10,Graphic Designer
Flo Brockhouse,Female,Marketing,Baltimore,2018-10-12,Analog Circuit Design manager
Ferdinand Wickie,Male,Training,Miami,2019-01-21,Nuclear Power Engineer
Hedi Honniebal,Female,Product Management,New York,2018-06-25,Accounting Assistant
Everard Ludford,Male,Product Management,Washington DC,2019-01-04,Associate Professor
Parry Gunby,Male,Sales,New York,2019-02-08,Registered Nurse
Lucine Oby,Female,Sales,Orlando,2019-02-18,Marketing Assistant
Gray Angood,Female,Accounting,New York,2018-10-28,Dental Hygienist
Sophi Kirkhouse,Female,Human Resources,Washington DC,2019-02-20,Senior Sales Associate
Bel Mulvany,Female,Support,Orlando,2019-02-20,Recruiting Manager
Catherina Gosnoll,Female,Training,New York,2018-09-15,Executive Secretary
Philippa Georgot,Female,Product Management,Baltimore,2018-09-17,Sales Associate
Sigismondo Pinnegar,Male,Support,Washington DC,2018-03-14,Help Desk Technician
Mathe Arnell,Male,Accounting,Baltimore,2018-09-20,Technical Writer
Loy Surtees,Male,Marketing,Miami,2019-02-15,Senior Developer
Davidson Francey,Male,Training,Baltimore,2019-01-27,VP Quality Control
Brennan Beardsall,Male,Marketing,Baltimore,2019-02-15,Librarian
Justine Beisley,Female,Product Management,Washington DC,2018-12-02,Data Coordiator
Consuela Errichiello,Female,Support,New York,2018-12-19,VP Sales
Saunderson Rosgen,Male,Business Development,Boston,2018-07-12,Geologist
Kristos O'Canavan,Male,Business Development,Miami,2019-02-27,Sales Representative
Vernice Budgey,Female,Services,Orlando,2018-12-22,Structural Analysis Engineer
Lissy Couroy,Female,Engineering,Orlando,2018-07-29,Actuary
Olav Walliker,Male,Legal,Baltimore,2018-11-02,Electrical Engineer
Maxie Steckings,Female,Marketing,Washington DC,2018-08-21,Design Engineer
Mamie Yankishin,Female,Business Development,Boston,2019-01-21,Environmental Tech
Shanda Shortell,Female,Accounting,Baltimore,2018-11-02,Research Assistant
Iolanthe O'Flaverty,Female,Services,Boston,2018-12-12,Quality Engineer
Nicolis Raiman,Male,Training,Washington DC,2018-09-09,Chemical Engineer
Brnaby Linneman,Male,Marketing,Miami,2019-02-27,Administrative Assistant
Helsa Glanvill,Female,Marketing,Orlando,2018-04-12,Legal Assistant
Deanne Rantoull,Female,Support,Baltimore,2018-12-02,Community Outreach Specialist
Bertha Simeonov,Female,Services,Baltimore,2018-11-27,Business Systems Development Analyst
Star Valiant,Female,Engineering,New York,2019-02-19,Assistant Professor
Roosevelt Smallcomb,Male,Human Resources,New York,2019-01-29,Social Worker
Pat Mingauld,Female,Sales,Washington DC,2018-12-25,Senior Financial Analyst
Ruperto Packe,Male,Accounting,New York,2019-02-18,Technical Writer
Kalila Rides,Female,Training,Baltimore,2018-06-12,Systems Administrator
Winfield Cortes,Male,Product Management,Orlando,2019-01-28,Quality Engineer
Craggy Somerset,Male,Sales,Baltimore,2018-07-13,Programmer Analyst
Eunice Skakunas,Female,Research and Development,New York,2018-06-03,Food Chemist
Vallie Tamblyn,Female,Support,Baltimore,2018-04-25,Graphic Designer
Layla Hardaway,Female,Marketing,Boston,2019-01-03,Editor
Erie Chadwen,Male,Marketing,Baltimore,2019-02-03,Civil Engineer
Agathe Frantzeni,Female,Product Management,Miami,2019-02-01,Systems Administrator
Xena Witherdon,Female,Human Resources,Miami,2019-02-24,Quality Engineer
Cassy Jambrozek,Female,Human Resources,Miami,2018-07-09,Marketing Manager
Karlik Jenney,Male,Legal,Boston,2019-02-08,Statistician
Tatum Bittleson,Female,Research and Development,New York,2019-02-24,Mechanical Systems Engineer
Giles Tunstall,Male,Engineering,New York,2018-11-16,Marketing Manager
Emmy Carnall,Female,Research and Development,New York,2019-01-19,Business Systems Development Analyst
Kendal Bonds,Male,Business Development,Boston,2018-12-15,Account Coordinator
Aluin Brougham,Male,Research and Development,New York,2019-02-12,Pharmacist
Piggy Soles,Male,Accounting,Orlando,2019-01-21,Environmental Tech
Page Creamer,Female,Research and Development,Baltimore,2019-01-16,Sales Representative
Weston Lowthorpe,Male,Services,Baltimore,2018-11-22,Environmental Tech
Hendrik Crumly,Male,Support,Boston,2018-11-30,VP Quality Control
Hadley Baradel,Male,Human Resources,New York,2019-01-10,Developer
Diana Akers,Female,Marketing,Baltimore,2018-09-13,Nuclear Power Engineer
Wendeline Sackur,Female,Training,Baltimore,2019-01-17,Compensation Analyst
Shermy Attenborrow,Male,Engineering,Baltimore,2019-01-20,Engineer
Jewelle Arbuckle,Female,Engineering,Baltimore,2019-02-12,Geological Engineer
Bary McGorman,Male,Training,Miami,2019-01-01,Human Resources Assistant
Marlin O'Spillane,Male,Product Management,Washington DC,2019-02-01,Internal Auditor
Chase Eblein,Male,Legal,New York,2019-02-12,Staff Scientist
Ian Tales,Male,Marketing,Washington DC,2018-09-22,Food Chemist
Olympie Lanyon,Female,Marketing,Baltimore,2018-06-27,Programmer
Maurice Hawking,Male,Services,Miami,2019-02-24,VP Marketing
Mia Martin,Female,Services,Miami,2019-02-26,Civil Engineer
Nevins Nibley,Male,Research and Development,New York,2018-02-09,Sales Associate
Eberto Fewkes,Male,Legal,New York,2019-02-23,Speech Pathologist
Elnore Farmar,Female,Marketing,Washington DC,2019-01-03,Chief Design Engineer
Karlis Neilan,Male,Marketing,Boston,2018-07-31,Operator
Emily Kendall,Female,Engineering,New York,2019-02-27,Desktop Support Technician
Hoebart Geaves,Male,Research and Development,Miami,2019-02-14,Accounting Assistant
Frasquito Harbard,Male,Human Resources,Washington DC,2019-01-13,Developer
Joshuah Ingham,Male,Support,Baltimore,2018-05-28,Physical Therapy Assistant
Magdalena Proswell,Female,Legal,New York,2019-02-13,Biostatistician
Crissie Learmond,Female,Marketing,Boston,2018-11-28,VP Quality Control
Jaymie Pegler,Male,Legal,Baltimore,2019-02-19,Help Desk Operator
Fredrick Dunnion,Male,Legal,Orlando,2018-12-19,Web Developer
Kain Hedditeh,Male,Support,Baltimore,2019-02-12,Safety Technician
Uri Davidi,Male,Training,New York,2018-09-16,Desktop Support Technician
Bertie Holyard,Male,Business Development,New York,2018-11-30,Assistant Manager
Lois Van den Velden,Female,Engineering,New York,2019-01-25,Paralegal
Annadiana Wanklyn,Female,Product Management,Washington DC,2019-01-05,Programmer
Rickert Kitcat,Male,Accounting,Washington DC,2018-11-20,Civil Engineer
Margarette Canadas,Female,Support,Washington DC,2018-12-24,Analog Circuit Design manager
Herschel Loughhead,Male,Services,New York,2019-02-24,Structural Analysis Engineer
Barb Tomkinson,Female,Support,Baltimore,2018-07-04,Data Coordiator
Armand Carlesi,Male,Accounting,Baltimore,2018-10-04,Occupational Therapist
Ly Attarge,Male,Product Management,Orlando,2019-01-14,Research Assistant
Matthew Wornham,Male,Training,New York,2019-01-13,Paralegal
Noel Held,Male,Support,Boston,2018-06-28,Environmental Tech
Rod Kall,Male,Sales,Washington DC,2019-01-10,Desktop Support Technician
Julissa Dulwich,Female,Legal,Baltimore,2019-02-11,Programmer
Cristabel Bullivent,Female,Engineering,New York,2018-10-05,Accounting Assistant
Saraann Shrubsall,Female,Training,Orlando,2018-11-26,Information Systems Manager
Jehanna Wittey,Female,Research and Development,Baltimore,2018-10-10,Librarian
Lynelle Evershed,Female,Accounting,Washington DC,2019-01-29,Media Manager
Torrance Arboine,Male,Research and Development,Miami,2019-02-05,Assistant Manager
Ailbert McIlwrath,Male,Training,Orlando,2018-05-01,Help Desk Technician
Bank Adnam,Male,Product Management,New York,2018-11-26,Programmer
Gamaliel Kelbie,Male,Legal,Miami,2018-06-15,Marketing Manager
Jammal Markus,Male,Support,Baltimore,2018-12-14,Junior Executive
Viki Caitlin,Female,Legal,Washington DC,2018-12-14,VP Sales
Bernhard Skelcher,Male,Product Management,Baltimore,2018-11-09,Geological Engineer
Thibaut McKinnon,Male,Product Management,New York,2019-02-13,Human Resources Assistant
Gerri Romagosa,Female,Services,Baltimore,2018-05-15,Project Manager
Bertie Zambonini,Female,Training,Miami,2018-11-12,Speech Pathologist
Conan Perks,Male,Business Development,Baltimore,2019-02-09,Geologist
Fran Nelissen,Female,Accounting,New York,2018-11-25,Senior Financial Analyst
Brigg Rubinovitsch,Male,Sales,New York,2018-11-27,Graphic Designer
Emery Breinlein,Male,Business Development,Boston,2018-05-23,Dental Hygienist
Iorgo Philpotts,Male,Marketing,Miami,2018-10-18,Statistician
Mona Wilde,Female,Support,Baltimore,2018-12-12,Developer
Vernen Robichon,Male,Product Management,Baltimore,2018-11-17,Software Engineer
Antoni Gore,Male,Human Resources,Orlando,2019-01-16,Account Coordinator
Alyss Garnham,Female,Legal,Washington DC,2018-12-21,Staff Accountant
Chaddie Gascoigne,Male,Product Management,New York,2019-02-18,Director of Sales
Annalee Scholler,Female,Marketing,Washington DC,2018-09-26,Environmental Tech
Eli Bein,Male,Marketing,New York,2019-01-24,Pharmacist
Sammie Fortun,Male,Research and Development,Baltimore,2018-10-30,GIS Technical Architect
Turner O'Neal,Male,Business Development,Orlando,2018-09-30,Paralegal
Janifer Culver,Female,Research and Development,Baltimore,2019-02-27,Physical Therapy Assistant
Alric Goodsir,Male,Sales,Miami,2019-02-24,Web Designer
Sander Smorthit,Male,Sales,Baltimore,2019-01-20,Analog Circuit Design manager
Jeremy Skellion,Male,Services,New York,2018-10-23,Occupational Therapist
Sterne Yexley,Male,Legal,Baltimore,2018-04-04,Assistant Media Planner
Gabby Burnsall,Male,Accounting,New York,2018-01-14,Pharmacist
Wrennie Hardy-Piggin,Female,Engineering,Orlando,2019-01-16,Help Desk Operator
Anne-marie Brandsen,Female,Engineering,Orlando,2019-01-22,Safety Technician
Corrie Goldsmith,Male,Support,New York,2018-06-02,Geological Engineer
Calla Pellew,Female,Business Development,Orlando,2019-02-10,Design Engineer
Caye Flowitt,Female,Accounting,Washington DC,2019-02-21,Actuary
Feodor Byrne,Male,Accounting,Washington DC,2019-02-24,Compensation Analyst
Colet Escolme,Male,Engineering,Miami,2018-07-23,Information Systems Manager
Hi Shawyer,Male,Human Resources,Baltimore,2019-02-09,VP Quality Control
Pryce Japp,Male,Engineering,Baltimore,2019-02-09,Business Systems Development Analyst
Mal Sowrah,Male,Accounting,New York,2018-02-26,Software Test Engineer
Christi Rich,Female,Marketing,New York,2018-07-14,Internal Auditor
Rosette Keyzman,Female,Training,Baltimore,2018-12-08,GIS Technical Architect
Wyn Fenelow,Male,Support,Baltimore,2018-12-24,Systems Administrator
Xever Fanthome,Male,Product Management,Boston,2018-09-20,Desktop Support Technician
Pansy Creeboe,Female,Research and Development,Baltimore,2018-12-13,Actuary
Victoria Lowin,Female,Marketing,Baltimore,2018-11-16,Associate Professor
Gerri Pendrey,Female,Marketing,New York,2018-04-25,Cost Accountant
Ilse Janaszewski,Female,Business Development,Orlando,2019-02-09,Electrical Engineer
Meg Anan,Female,Legal,New York,2019-02-26,Marketing Assistant
Sid Romi,Male,Engineering,New York,2019-01-12,Teacher
Chaim Rendbaek,Male,Support,New York,2018-11-06,Senior Quality Engineer
Tyrone Mathe,Male,Support,Baltimore,2018-11-07,Software Engineer
Hallie Matterface,Female,Human Resources,Orlando,2019-02-17,Physical Therapy Assistant
Willis Gegay,Male,Human Resources,Orlando,2019-01-05,Technical Writer
Dalenna Lockner,Female,Legal,Washington DC,2018-12-30,Recruiting Manager
Enos Rasmus,Male,Sales,Baltimore,2019-02-13,Budget/Accounting Analyst
Jeanie Branson,Female,Engineering,Washington DC,2018-04-22,Graphic Designer
Neila Denziloe,Female,Product Management,Baltimore,2019-02-27,Geological Engineer
Randee Southorn,Female,Product Management,Washington DC,2018-03-04,Senior Cost Accountant
Ivar Vawton,Male,Training,New York,2018-12-22,Help Desk Operator
Moselle Brunker,Female,Engineering,Boston,2018-11-22,Programmer
Chantalle Strutz,Female,Legal,Boston,2019-02-02,Engineer
Irwin Peyton,Male,Research and Development,New York,2018-12-31,Nurse Practicioner
Durward Leneve,Male,Research and Development,Baltimore,2018-01-19,Senior Editor
Rutter Maude,Male,Business Development,Baltimore,2018-12-23,Environmental Tech
Merrick Bloxsom,Male,Business Development,Washington DC,2018-05-17,Senior Financial Analyst
Richy Corah,Male,Services,New York,2019-01-22,Accountant
Nancee Gear,Female,Training,Boston,2018-12-01,Staff Scientist
Dave Bottle,Male,Legal,New York,2019-02-12,Clinical Specialist
Neddy Archanbault,Male,Legal,Baltimore,2019-02-20,Design Engineer
Roxie Hastler,Female,Legal,Orlando,2019-02-04,Recruiter
Terrye Bencher,Female,Training,New York,2018-07-31,Tax Accountant
Noelani Feasey,Female,Legal,Orlando,2018-09-18,Account Representative
Anabelle Greguoli,Female,Marketing,Orlando,2019-01-28,Librarian
Darb Toulamain,Male,Accounting,Baltimore,2018-12-20,GIS Technical Architect
Adriano Muggeridge,Male,Human Resources,Baltimore,2018-12-21,Administrative Officer
Jakie Littlejohn,Male,Services,Miami,2018-11-11,Technical Writer
Tamma McLaughlan,Female,Sales,Boston,2018-11-22,Developer
Whitney Boscott,Male,Legal,Orlando,2018-09-19,Structural Engineer
Lorne Bracher,Male,Research and Development,New York,2019-01-19,Director of Sales
Berti Besse,Female,Product Management,Washington DC,2018-08-25,Marketing Manager
Gilemette Croll,Female,Training,Orlando,2018-11-16,Recruiter
Gaby Jickells,Female,Support,Baltimore,2019-02-16,Analog Circuit Design manager
Dell Neale,Female,Research and Development,Washington DC,2019-02-21,Structural Analysis Engineer
Vanessa Kupke,Female,Services,Baltimore,2018-11-25,Registered Nurse
Cora Aireton,Female,Product Management,New York,2019-02-27,Mechanical Systems Engineer
Dana Dufour,Male,Marketing,New York,2018-08-17,Senior Sales Associate
Flory Sepey,Female,Legal,Boston,2019-02-07,Community Outreach Specialist
Gayelord Lenahan,Male,Training,Orlando,2018-12-09,Nuclear Power Engineer
Guillema Whitnall,Female,Human Resources,Washington DC,2019-02-10,Professor
Jena Joysey,Female,Sales,New York,2019-01-06,Librarian
Darryl Grundon,Male,Engineering,Boston,2019-02-19,Electrical Engineer
Devan Bridgnell,Female,Marketing,Boston,2019-01-03,Recruiter
Alyosha Giacobelli,Male,Product Management,Washington DC,2019-01-11,Assistant Media Planner
Aile Barrett,Female,Engineering,New York,2018-12-15,Electrical Engineer
Ranique Haggus,Female,Sales,Boston,2018-12-29,Senior Developer
Natty Papworth,Female,Engineering,Washington DC,2019-01-19,Developer
Melania Nelles,Female,Legal,Miami,2019-02-10,Software Consultant
Derril Tethacot,Male,Product Management,Orlando,2019-02-05,Desktop Support Technician
Lesli Parades,Female,Training,New York,2018-12-01,Project Manager
Maura Fibbens,Female,Product Management,Baltimore,2018-09-20,Accounting Assistant
Helyn Petyanin,Female,Human Resources,Washington DC,2019-02-22,Staff Scientist
Neysa Laurenzi,Female,Human Resources,Baltimore,2019-02-24,Nuclear Power Engineer
Chrisy Kettel,Male,Business Development,New York,2018-12-28,Desktop Support Technician
Janie Blandford,Female,Support,Washington DC,2018-11-20,VP Marketing
Quinn Glayzer,Male,Sales,Baltimore,2019-02-07,Technical Writer
Gavan Thowless,Male,Accounting,Boston,2018-12-04,Human Resources Assistant
Audie Noli,Female,Sales,Miami,2018-08-04,Business Systems Development Analyst
Mathias Ghidoli,Male,Sales,Washington DC,2019-02-01,Community Outreach Specialist
Bert Showell,Male,Legal,Baltimore,2018-11-16,Research Nurse
Latia Mosedill,Female,Product Management,Baltimore,2019-01-29,Quality Control Specialist
Roddy Frizzell,Male,Support,Baltimore,2019-01-24,Geologist
Bernardina Mackrill,Female,Training,Orlando,2018-11-27,Sales Representative
Marcello Millichip,Male,Accounting,Baltimore,2018-12-21,Sales Representative
Temple Syalvester,Male,Business Development,Washington DC,2019-02-04,Software Consultant
Daveta O'Hannigan,Female,Services,Baltimore,2019-01-17,Information Systems Manager
Vladamir Benardette,Male,Human Resources,Washington DC,2019-02-03,Developer
Giovanni Crankshaw,Male,Sales,Washington DC,2019-01-25,Business Systems Development Analyst
Annabelle Nerval,Female,Product Management,Miami,2018-07-31,Product Engineer
Casper Lisimore,Male,Engineering,Washington DC,2018-11-07,Physical Therapy Assistant
Gradey Geroldini,Male,Support,Washington DC,2019-02-22,Quality Engineer
Charmine Brittle,Female,Human Resources,New York,2018-10-25,Developer
Ursula Daouse,Female,Business Development,Boston,2019-02-20,Structural Analysis Engineer
Charita Bartoleyn,Female,Research and Development,New York,2018-09-30,Cost Accountant
Krissie Frier,Female,Engineering,Miami,2019-01-23,Occupational Therapist
Chicky Buckthorpe,Male,Training,Orlando,2019-01-04,Librarian
Janka Langshaw,Female,Human Resources,Orlando,2018-02-23,Physical Therapy Assistant
Von Gauson,Male,Business Development,Baltimore,2018-10-05,Budget/Accounting Analyst
Benjamin Riall,Male,Engineering,New York,2019-02-21,Internal Auditor
Randolf Springett,Male,Support,New York,2018-12-23,Senior Developer
Jessee Currey,Male,Accounting,New York,2018-07-24,Automation Specialist
Mathilda Benedick,Female,Services,Boston,2019-01-14,Legal Assistant
Adrienne Gething,Female,Research and Development,Miami,2019-01-06,Budget/Accounting Analyst
Bordie Ivanov,Male,Human Resources,New York,2019-02-27,Research Assistant
Kellia Bewly,Female,Engineering,Washington DC,2019-02-27,Nurse Practicioner
Clarette Yesenev,Female,Support,Miami,2018-07-23,Health Coach
Rolfe Niset,Male,Training,Washington DC,2019-01-06,Assistant Media Planner
Bonny Mcall,Female,Legal,Miami,2018-09-17,Actuary
Yank Gunstone,Male,Engineering,Baltimore,2019-02-08,Programmer Analyst
Gav Ebdon,Male,Engineering,Washington DC,2018-06-22,Structural Analysis Engineer
Konstantin Hooke,Male,Support,New York,2018-10-31,Librarian
Shea Gaish,Male,Legal,New York,2019-01-22,Human Resources Assistant
Row Kubica,Female,Human Resources,Washington DC,2018-03-25,Help Desk Operator
Sax Whittington,Male,Support,New York,2019-02-19,Office Assistant
Kym Alpine,Female,Research and Development,New York,2019-02-10,Community Outreach Specialist
Devon Aucock,Female,Human Resources,Baltimore,2019-02-27,Desktop Support Technician
Betty Ambrois,Female,Support,Baltimore,2019-01-08,Programmer Analyst
Aindrea Betz,Female,Marketing,New York,2018-07-26,VP Sales
Ailis Trevance,Female,Research and Development,New York,2018-12-02,Assistant Manager
Prince Fullylove,Male,Training,Baltimore,2019-01-03,Information Systems Manager
Kelcey Krysztowczyk,Female,Services,Orlando,2018-12-17,Environmental Specialist
Zechariah Mowling,Male,Product Management,Washington DC,2018-12-19,Statistician
Kakalina Pringle,Female,Business Development,Washington DC,2019-01-02,Speech Pathologist
Dillie Pritchett,Male,Accounting,Orlando,2018-11-14,Senior Quality Engineer
Jae Guiot,Male,Support,Washington DC,2019-01-10,General Manager
Stafford Hecks,Male,Support,Baltimore,2018-04-17,Senior Quality Engineer
Genni Brecher,Female,Services,Baltimore,2018-07-12,Senior Developer
Barron Handasyde,Male,Product Management,Miami,2018-12-23,Speech Pathologist
Burch Ferrario,Male,Sales,Orlando,2018-12-28,Computer Systems Analyst
Vinni Papaccio,Female,Sales,New York,2018-12-26,Structural Engineer
Toiboid Burges,Male,Research and Development,Washington DC,2018-05-15,Administrative Assistant
Mignon Andraud,Female,Services,New York,2018-11-20,Web Developer
Carolyne Beddin,Female,Product Management,New York,2018-08-20,Account Representative
Pru Jansema,Female,Human Resources,Washington DC,2018-08-12,Graphic Designer
Graig Buxam,Male,Training,Baltimore,2018-12-05,Analog Circuit Design manager
Bette Rudham,Female,Accounting,New York,2018-11-08,Senior Cost Accountant
Greg Matyugin,Male,Human Resources,Miami,2019-01-24,Marketing Assistant
Tobin Oneil,Male,Engineering,Baltimore,2019-01-11,VP Quality Control
Chrotoem Antill,Male,Product Management,New York,2018-04-06,Statistician
Moe Colum,Male,Research and Development,New York,2019-01-27,Analyst Programmer
Jaye Cake,Male,Business Development,Orlando,2019-01-05,Executive Secretary
Tymothy Goscar,Male,Accounting,New York,2018-10-05,Safety Technician
Clement Kenelin,Male,Engineering,Baltimore,2018-10-10,Nuclear Power Engineer
Sheelagh Brocklesby,Female,Legal,Washington DC,2018-12-24,Administrative Assistant
Zaria Pheby,Female,Sales,Miami,2019-01-28,Graphic Designer
Lucho Willets,Male,Engineering,Washington DC,2018-11-26,Occupational Therapist
Billy Morin,Female,Accounting,Baltimore,2019-02-21,Recruiter
Sibylla Nigh,Female,Human Resources,Boston,2019-02-23,Financial Analyst
Nevin Ferenczy,Male,Product Management,Boston,2019-01-30,Pharmacist
Wallas Rycraft,Male,Training,Miami,2018-10-10,Desktop Support Technician
Margret Lownds,Female,Research and Development,Baltimore,2019-02-16,Analog Circuit Design manager
Stanleigh Overthrow,Male,Accounting,Baltimore,2018-09-18,Compensation Analyst
Alvera Liffe,Female,Marketing,New York,2018-08-25,Technical Writer
Chance Winnard,Male,Accounting,Boston,2019-01-24,Dental Hygienist
Chan Rothschild,Male,Research and Development,New York,2019-02-20,Account Coordinator
Alanah Siddon,Female,Research and Development,Miami,2018-12-26,Account Executive
Lizzie Aizkovitch,Female,Sales,Baltimore,2019-02-02,Office Assistant
Maurene Goudie,Female,Business Development,Washington DC,2018-11-14,Nuclear Power Engineer
Fran Manass,Male,Marketing,Orlando,2018-10-01,Senior Cost Accountant
Heida Storah,Female,Sales,New York,2019-01-18,VP Accounting
Sampson Primmer,Male,Marketing,New York,2018-12-10,Software Engineer
Gina Slott,Female,Support,Miami,2018-12-20,VP Sales
Gloriana Novakovic,Female,Research and Development,Boston,2019-01-31,Teacher
Jeffrey Armsby,Male,Business Development,New York,2019-01-31,Director of Sales
Jamaal Lorryman,Male,Accounting,Miami,2018-12-30,Geologist
Courtnay Blasiak,Female,Human Resources,New York,2018-11-15,Analog Circuit Design manager
Delcine De Andisie,Female,Support,Baltimore,2018-01-28,Nurse
Jeniffer Donovin,Female,Research and Development,Orlando,2018-10-31,Account Representative
Mirabelle Woodus,Female,Human Resources,Washington DC,2018-10-10,Senior Cost Accountant
Innis Boorman,Male,Legal,Boston,2018-05-10,Product Engineer
Carrissa Pagin,Female,Training,Boston,2019-02-26,Quality Control Specialist
Carin Beaglehole,Female,Training,Boston,2018-07-27,Safety Technician
Ben Hendin,Male,Business Development,Baltimore,2019-02-19,Help Desk Operator
Kippie Keeton,Male,Accounting,New York,2018-06-23,Research Assistant
Alonzo Northfield,Male,Legal,Baltimore,2018-11-18,Marketing Manager
Vincent Cleen,Male,Business Development,Washington DC,2019-01-04,Office Assistant
Katharyn Hannay,Female,Sales,Orlando,2018-09-08,Budget/Accounting Analyst
Caryn Hubbuck,Female,Human Resources,New York,2018-03-26,Database Administrator
Paulita McGillivrie,Female,Legal,New York,2019-01-31,Graphic Designer
Parke Layus,Male,Sales,Baltimore,2018-10-08,Programmer
Bob Alexander,Male,Support,Orlando,2019-01-18,Senior Financial Analyst
Bear Ludovici,Male,Engineering,Boston,2018-03-28,Automation Specialist
Garnette Struttman,Female,Training,Baltimore,2018-12-07,Structural Engineer
Sonni Stoffers,Female,Business Development,Orlando,2018-06-12,Operator
Krystalle Tatterton,Female,Business Development,New York,2018-06-15,Payment Adjustment Coordinator
Kyle Ughetti,Male,Legal,Washington DC,2019-01-17,Sales Associate
Elliott Leddie,Male,Support,New York,2018-05-07,Geological Engineer
Misha McKinstry,Female,Support,Baltimore,2019-02-26,Professor
Hasty Clashe,Male,Services,New York,2018-12-07,Dental Hygienist
Simon Sheen,Male,Business Development,New York,2018-10-30,VP Product Management
Layne Duinbleton,Female,Legal,Orlando,2018-10-09,Environmental Tech
Othilie Clapton,Female,Product Management,Miami,2019-02-08,Staff Scientist
Liv Brimson,Female,Marketing,Baltimore,2018-08-06,Sales Representative
Dulsea Wailes,Female,Sales,Washington DC,2018-10-25,VP Accounting
Mathias Feary,Male,Sales,Baltimore,2019-01-18,Product Engineer
Arlan Wollacott,Male,Business Development,Boston,2019-02-25,Senior Financial Analyst
Rustie Bowne,Male,Accounting,Boston,2018-04-01,Recruiter
Garik Brace,Male,Human Resources,Orlando,2018-09-15,Financial Advisor
Brandice Crackett,Female,Support,New York,2018-11-12,Project Manager
Aubry De Minico,Female,Services,Orlando,2019-02-19,Senior Editor
Tansy Shiel,Female,Product Management,New York,2019-02-08,Director of Sales
Abelard Meier,Male,Marketing,Orlando,2018-09-22,Graphic Designer
Vivyanne Bauduin,Female,Business Development,Baltimore,2019-01-21,Financial Advisor
Devora Mitie,Female,Marketing,Boston,2019-02-06,Actuary
Dene Piecha,Male,Product Management,Washington DC,2018-10-23,Operator
Beverlee Tousey,Female,Sales,Baltimore,2018-12-19,Human Resources Assistant
Maggi Baulch,Female,Training,Baltimore,2019-02-28,Financial Analyst
Darn Anfossi,Male,Research and Development,Baltimore,2019-01-24,Design Engineer
Elbertina Fox,Female,Engineering,New York,2018-11-17,Dental Hygienist
Myron Heijne,Male,Human Resources,Orlando,2018-06-08,Payment Adjustment Coordinator
Corenda Chiplin,Female,Accounting,Miami,2018-10-19,Nurse
Taffy Whitrod,Female,Product Management,Baltimore,2018-05-14,Geological Engineer
Haleigh Domotor,Female,Legal,New York,2019-01-01,Chemical Engineer
Sandor MacGown,Male,Product Management,Orlando,2018-11-22,Database Administrator
Elwin Bunce,Male,Accounting,Washington DC,2019-02-18,Environmental Tech
Tatiana Surridge,Female,Sales,Orlando,2018-08-22,Technical Writer
Sollie Andrewartha,Male,Product Management,Washington DC,2018-10-26,Technical Writer
Tarah Wethey,Female,Support,New York,2018-11-21,Assistant Professor
Latashia Coey,Female,Support,Washington DC,2018-06-16,Programmer
Violette Worms,Female,Sales,Orlando,2018-10-12,Assistant Manager
Gil Fortoun,Male,Business Development,New York,2018-06-28,Senior Cost Accountant
Donn Tarrier,Male,Engineering,New York,2018-11-13,Web Developer
Gilberta Gobert,Female,Marketing,Boston,2018-11-01,Nurse
Desi Kimbury,Male,Human Resources,Orlando,2018-12-06,VP Marketing
Worthington Smithend,Male,Accounting,New York,2018-10-02,Software Consultant
Wilbur Cuss,Male,Sales,Baltimore,2018-08-10,VP Product Management
Belle Marquis,Female,Human Resources,Boston,2019-01-27,Nurse Practicioner
Gelya Cullivan,Female,Engineering,Washington DC,2018-12-04,Food Chemist
Bank Kinton,Male,Business Development,New York,2019-02-26,Assistant Professor
Bobbye Gumey,Female,Accounting,Miami,2019-02-26,Pharmacist
Manuel Rouby,Male,Sales,Washington DC,2018-11-30,Administrative Assistant
Talia Massen,Female,Accounting,New York,2018-12-26,GIS Technical Architect
Inger Murford,Female,Research and Development,New York,2018-10-06,VP Product Management
Selig Tabbernor,Male,Business Development,Washington DC,2018-04-01,Sales Associate
Rubetta Toolin,Female,Business Development,Baltimore,2018-10-17,Analyst Programmer
Farlee McGourty,Male,Marketing,Orlando,2018-10-11,Web Designer
Alastair Gepson,Male,Engineering,New York,2018-03-22,Automation Specialist
Mario Selway,Male,Services,Washington DC,2019-01-18,Safety Technician
Freedman Pellatt,Male,Services,New York,2019-01-14,Clinical Specialist
Aliza Hannis,Female,Marketing,Baltimore,2019-02-16,Chief Design Engineer
Stearne Veltman,Male,Business Development,New York,2018-10-29,Geologist
Zolly Matokhnin,Male,Support,New York,2018-11-12,Accounting Assistant
Nydia Padgett,Female,Support,Boston,2018-12-30,Director of Sales
Dawna Wynes,Female,Accounting,Miami,2018-10-07,Automation Specialist
Base Seers,Male,Accounting,Baltimore,2019-02-16,Senior Quality Engineer
Harman Firbanks,Male,Legal,Baltimore,2018-10-18,Engineer
Torrence Fosdike,Male,Services,Washington DC,2018-09-20,Nurse
Aryn Canaan,Female,Marketing,New York,2018-11-27,Help Desk Operator
Lefty Muneely,Male,Support,New York,2018-11-18,Automation Specialist
Humberto French,Male,Sales,Washington DC,2019-02-07,Help Desk Technician
Eamon Fellon,Male,Research and Development,Miami,2019-02-10,Clinical Specialist
Alena Wilflinger,Female,Services,Baltimore,2018-12-21,Programmer
Hyacinthe Lavrick,Female,Services,Orlando,2019-01-23,General Manager
Guthrey Broxap,Male,Engineering,Baltimore,2018-03-21,Staff Scientist
Stormy Bassom,Female,Legal,Washington DC,2019-02-21,Chief Design Engineer
Hildegaard Claesens,Female,Product Management,Baltimore,2018-11-28,Programmer Analyst
Delila Lewington,Female,Human Resources,Baltimore,2018-05-03,Health Coach
Laurene Sneath,Female,Services,New York,2019-01-26,VP Product Management
Mohandis Farlane,Male,Engineering,New York,2018-05-24,Software Consultant
Jena Anfossi,Female,Services,New York,2018-05-31,Executive Secretary
Simmonds Bendin,Male,Training,New York,2018-12-23,Analog Circuit Design manager
Pepito Treadgold,Male,Human Resources,New York,2019-02-25,Administrative Officer
Frasquito Matzl,Male,Marketing,Baltimore,2018-08-23,Accountant
Omero Treppas,Male,Sales,Baltimore,2018-11-29,Engineer
Hal Ginman,Male,Sales,New York,2019-02-11,Paralegal
Myrle Lucas,Female,Support,Washington DC,2019-02-12,Account Coordinator
Alexio Hanscom,Male,Legal,Miami,2019-02-27,Research Nurse
Elliot Oliphant,Male,Marketing,Miami,2019-01-22,Senior Financial Analyst
Vinnie Clive,Male,Legal,Baltimore,2018-12-04,Staff Accountant
Juli Cannaway,Female,Marketing,Orlando,2018-04-15,Legal Assistant
Jerald Howland,Male,Sales,Baltimore,2019-01-24,Structural Analysis Engineer
Gardy Catteroll,Male,Support,Boston,2018-10-27,Senior Editor
Albertina Tomley,Female,Accounting,New York,2019-01-27,Librarian
Bud Paskin,Male,Sales,Baltimore,2019-01-31,Chemical Engineer
Rhonda Cockshutt,Female,Marketing,Baltimore,2019-02-23,VP Sales
Jedidiah Leborgne,Male,Engineering,Orlando,2019-02-20,Librarian
Edik Cranstoun,Male,Legal,Miami,2019-01-31,Administrative Officer
Leonerd Asson,Male,Training,New York,2018-10-21,Environmental Specialist
Grannie Mulhill,Male,Engineering,New York,2018-12-23,Marketing Manager
Burke Lavelle,Male,Product Management,Baltimore,2018-11-26,Recruiter
Delila Denerley,Female,Accounting,Baltimore,2019-01-24,Senior Developer
Fredra Tuck,Female,Human Resources,Washington DC,2018-05-27,Computer Systems Analyst
